{"cameraMode":{"drawMode":0,"name":"Shaded","section":"Shading Mode"},"sceneLighting":true,"audioPlay":false,"sceneViewState":{"showFog":true,"showMaterialUpdate":false,"showSkybox":true,"showFlares":true,"showImageEffects":true,"showParticleSystems":true},"in2DMode":false,"pivot":{"x":-57.24848556518555,"y":1.4240095615386963,"z":53.27857971191406},"rotation":{"x":0.10939003527164459,"y":0.059872906655073169,"z":-0.006597377825528383,"w":0.9921721816062927},"size":172.1632537841797,"orthographic":false}